shiftBidID,userID,shiftTypeID,bidScheduleID,timeSlotID
1,2,1,1,1
2,10,1,1,2
3,11,1,1,3
4,5,1,1,4
5,9,1,1,5
6,2,2,1,6
7,3,2,1,7
8,4,2,1,8
9,8,2,1,9
10,15,3,1,10
11,7,3,1,11
12,14,3,1,12
13,6,3,1,13
14,12,3,1,14
15,13,3,1,15
16,24,1,1,16
17,21,1,1,17
18,22,2,1,18
19,23,2,1,19
20,25,3,1,20
21,26,3,1,21
22,32,2,1,22
23,33,2,1,23
24,30,1,1,24
25,29,1,1,25
26,31,2,1,26
27,34,1,1,27
28,35,1,1,28
29,36,2,1,29
30,37,2,1,30
31,40,1,1,31
32,41,1,1,32
33,38,2,1,33
34,39,2,1,34
35,42,3,1,35
36,43,3,1,36
